{"cameraMode":{"drawMode":0,"name":"Shaded","section":"Shading Mode"},"sceneLighting":true,"audioPlay":false,"sceneViewState":{"showFog":false,"showMaterialUpdate":false,"showSkybox":false,"showFlares":false,"showImageEffects":false,"showParticleSystems":false},"in2DMode":false,"pivot":{"x":3.346688747406006,"y":10.272014617919922,"z":5.082139492034912},"rotation":{"x":-0.05779217556118965,"y":0.7003169059753418,"z":-0.05706813931465149,"w":-0.7091982960700989},"size":11.205263137817383,"orthographic":false}