{"cameraMode":{"drawMode":0,"name":"Shaded","section":"Shading Mode"},"sceneLighting":true,"audioPlay":false,"sceneViewState":{"showFog":false,"showMaterialUpdate":false,"showSkybox":false,"showFlares":false,"showImageEffects":false,"showParticleSystems":false},"in2DMode":false,"pivot":{"x":3.347452163696289,"y":10.737195014953614,"z":6.611899375915527},"rotation":{"x":-0.05202729254961014,"y":0.6759781837463379,"z":-0.04794573411345482,"w":-0.7335190773010254},"size":13.402715682983399,"orthographic":false}